ProductCode,CustomerId,OrderId
S10_1678,1,1
S10_1678,2,2
S10_1678,3,3
S10_1678,4,4
S10_1678,5,5
S10_1678,6,6
S10_1678,7,7
S10_1678,8,8
S10_1678,9,9
S10_1678,10,10
S10_1678,11,11
S10_1678,12,12
S10_1678,13,13
S10_1678,14,14
S10_1678,15,15
S10_1678,16,16
S10_1678,17,17
S10_1678,18,18
S10_1678,19,19
S10_1678,1,20
S10_1678,21,21
S10_1678,22,22
S10_1678,15,23
S10_1678,24,24
S10_1678,25,25
S10_1678,26,26
S10_1949,18,27
S10_1949,27,28
S10_1949,28,29
S10_1949,6,30
S10_1949,30,31
S10_1949,31,32
S10_1949,32,33
S10_1949,33,34
S10_1949,34,35
S10_1949,35,36
S10_1949,36,37
S10_1949,37,38
S10_1949,38,39
S10_1949,39,40
S10_1949,22,41
S10_1949,41,42
S10_1949,42,43
S10_1949,43,44
S10_1949,44,45
S10_1949,45,46
S10_1949,9,47
S10_1949,11,48
S10_1949,44,49
S10_1949,48,50
S10_1949,5,51
S10_1949,50,52
S10_1949,51,53
S10_1949,26,54
S10_2016,1,55
S10_2016,11,56
S10_2016,3,57
S10_2016,4,58
S10_2016,5,59
S10_2016,6,60
S10_2016,7,61
S10_2016,8,62
S10_2016,9,63
S10_2016,54,64
S10_2016,11,65
S10_2016,55,66
S10_2016,13,67
S10_2016,14,68
S10_2016,15,69
S10_2016,16,70
S10_2016,56,71
S10_2016,57,72
S10_2016,19,73
S10_2016,1,74
S10_2016,39,75
S10_2016,22,76
S10_2016,32,77
S10_2016,24,78
S10_2016,10,79
S10_2016,26,80
S10_4698,1,81
S10_4698,11,82
S10_4698,3,83
S10_4698,4,84
S10_4698,5,85
S10_4698,6,86
S10_4698,7,87
S10_4698,8,88
S10_4698,9,89
S10_4698,54,90
S10_4698,11,91
S10_4698,12,92
S10_4698,13,93
S10_4698,14,94
S10_4698,15,95
S10_4698,16,96
S10_4698,17,97
S10_4698,57,98
S10_4698,19,99
S10_4698,1,100
S10_4698,39,101
S10_4698,6,102
S10_4698,32,103
S10_4698,24,104
S10_4698,25,105
S10_4698,26,106
S10_4757,73,107
S10_4757,21,108
S10_4757,75,109
S10_4757,76,110
S10_4757,17,111
S10_4757,42,112
S10_4757,78,113
S10_4757,79,114
S10_4757,80,115
S10_4757,81,116
S10_4757,82,117
S10_4757,1,118
S10_4757,51,119
S10_4757,83,120
S10_4757,84,121
S10_4757,85,122
S10_4757,33,123
S10_4757,87,124
S10_4757,18,125
S10_4757,31,126
S10_4757,26,127
S10_4757,2,128
S10_4757,90,129
S10_4757,5,130
S10_4757,3,131
S10_4757,91,132
S10_4757,85,133
S10_4962,18,134
S10_4962,93,135
S10_4962,28,136
S10_4962,6,137
S10_4962,30,138
S10_4962,96,139
S10_4962,75,140
S10_4962,33,141
S10_4962,34,142
S10_4962,98,143
S10_4962,99,144
S10_4962,44,145
S10_4962,38,146
S10_4962,99,147
S10_4962,22,148
S10_4962,19,149
S10_4962,42,150
S10_4962,16,151
S10_4962,35,152
S10_4962,45,153
S10_4962,27,154
S10_4962,11,155
S10_4962,44,156
S10_4962,50,157
S10_4962,5,158
S10_4962,50,159
S10_4962,51,160
S10_4962,15,161
S12_1099,104,162
S12_1099,105,163
S12_1099,44,164
S12_1099,48,165
S12_1099,5,166
S12_1099,50,167
S12_1099,8,168
S12_1099,108,169
S12_1099,26,170
S12_1099,10,171
S12_1099,110,172
S12_1099,73,173
S12_1099,25,174
S12_1099,113,175
S12_1099,114,176
S12_1099,110,177
S12_1099,115,178
S12_1099,108,179
S12_1099,27,180
S12_1099,1,181
S12_1099,21,182
S12_1099,116,183
S12_1099,15,184
S12_1099,42,185
S12_1099,21,186
S12_1108,73,187
S12_1108,30,188
S12_1108,119,189
S12_1108,44,190
S12_1108,26,191
S12_1108,30,192
S12_1108,113,193
S12_1108,76,194
S12_1108,38,195
S12_1108,34,196
S12_1108,121,197
S12_1108,122,198
S12_1108,116,199
S12_1108,19,200
S12_1108,44,201
S12_1108,41,202
S12_1108,124,203
S12_1108,125,204
S12_1108,18,205
S12_1108,93,206
S12_1108,28,207
S12_1108,2,208
S12_1108,44,209
S12_1108,44,210
S12_1108,3,211
S12_1108,14,212
S12_1666,18,213
S12_1666,44,214
S12_1666,28,215
S12_1666,6,216
S12_1666,30,217
S12_1666,96,218
S12_1666,32,219
S12_1666,33,220
S12_1666,34,221
S12_1666,35,222
S12_1666,43,223
S12_1666,44,224
S12_1666,38,225
S12_1666,39,226
S12_1666,22,227
S12_1666,19,228
S12_1666,42,229
S12_1666,43,230
S12_1666,35,231
S12_1666,45,232
S12_1666,9,233
S12_1666,11,234
S12_1666,44,235
S12_1666,50,236
S12_1666,5,237
S12_1666,50,238
S12_1666,51,239
S12_1666,26,240
S12_2823,1,241
S12_2823,2,242
S12_2823,3,243
S12_2823,4,244
S12_2823,5,245
S12_2823,50,246
S12_2823,7,247
S12_2823,4,248
S12_2823,9,249
S12_2823,10,250
S12_2823,7,251
S12_2823,12,252
S12_2823,13,253
S12_2823,14,254
S12_2823,114,255
S12_2823,16,256
S12_2823,17,257
S12_2823,18,258
S12_2823,141,259
S12_2823,1,260
S12_2823,21,261
S12_2823,6,262
S12_2823,15,263
S12_2823,24,264
S12_2823,25,265
S12_2823,26,266
S12_3148,26,267
S12_3148,30,268
S12_3148,119,269
S12_3148,44,270
S12_3148,26,271
S12_3148,30,272
S12_3148,113,273
S12_3148,76,274
S12_3148,38,275
S12_3148,34,276
S12_3148,121,277
S12_3148,115,278
S12_3148,116,279
S12_3148,19,280
S12_3148,44,281
S12_3148,41,282
S12_3148,124,283
S12_3148,125,284
S12_3148,12,285
S12_3148,93,286
S12_3148,28,287
S12_3148,26,288
S12_3148,39,289
S12_3148,44,290
S12_3148,14,291
S12_3380,104,292
S12_3380,105,293
S12_3380,44,294
S12_3380,48,295
S12_3380,81,296
S12_3380,96,297
S12_3380,8,298
S12_3380,108,299
S12_3380,26,300
S12_3380,26,301
S12_3380,110,302
S12_3380,73,303
S12_3380,25,304
S12_3380,113,305
S12_3380,114,306
S12_3380,110,307
S12_3380,115,308
S12_3380,108,309
S12_3380,27,310
S12_3380,1,311
S12_3380,21,312
S12_3380,116,313
S12_3380,151,314
S12_3380,42,315
S12_3380,21,316
S12_3891,73,317
S12_3891,30,318
S12_3891,119,319
S12_3891,44,320
S12_3891,26,321
S12_3891,30,322
S12_3891,113,323
S12_3891,76,324
S12_3891,38,325
S12_3891,34,326
S12_3891,121,327
S12_3891,122,328
S12_3891,116,329
S12_3891,19,330
S12_3891,44,331
S12_3891,41,332
S12_3891,124,333
S12_3891,125,334
S12_3891,18,335
S12_3891,93,336
S12_3891,119,337
S12_3891,2,338
S12_3891,39,339
S12_3891,44,340
S12_3891,44,341
S12_3891,14,342
S12_3990,104,343
S12_3990,105,344
S12_3990,44,345
S12_3990,48,346
S12_3990,5,347
S12_3990,50,348
S12_3990,8,349
S12_3990,108,350
S12_3990,26,351
S12_3990,10,352
S12_3990,110,353
S12_3990,73,354
S12_3990,25,355
S12_3990,113,356
S12_3990,114,357
S12_3990,110,358
S12_3990,115,359
S12_3990,108,360
S12_3990,27,361
S12_3990,1,362
S12_3990,21,363
S12_3990,116,364
S12_3990,17,365
S12_3990,42,366
S12_3990,21,367
S12_4473,26,368
S12_4473,31,369
S12_4473,119,370
S12_4473,116,371
S12_4473,90,372
S12_4473,30,373
S12_4473,75,374
S12_4473,164,375
S12_4473,57,376
S12_4473,98,377
S12_4473,165,378
S12_4473,44,379
S12_4473,26,380
S12_4473,99,381
S12_4473,44,382
S12_4473,19,383
S12_4473,1,384
S12_4473,16,385
S12_4473,125,386
S12_4473,12,387
S12_4473,93,388
S12_4473,119,389
S12_4473,26,390
S12_4473,44,391
S12_4473,44,392
S12_4473,26,393
S12_4473,15,394
S12_4675,104,395
S12_4675,105,396
S12_4675,44,397
S12_4675,48,398
S12_4675,81,399
S12_4675,96,400
S12_4675,8,401
S12_4675,45,402
S12_4675,26,403
S12_4675,26,404
S12_4675,110,405
S12_4675,90,406
S12_4675,25,407
S12_4675,113,408
S12_4675,30,409
S12_4675,110,410
S12_4675,115,411
S12_4675,108,412
S12_4675,24,413
S12_4675,1,414
S12_4675,21,415
S12_4675,116,416
S12_4675,17,417
S12_4675,42,418
S12_4675,168,419
S12_4675,21,420
S18_1097,18,421
S18_1097,44,422
S18_1097,28,423
S18_1097,6,424
S18_1097,30,425
S18_1097,96,426
S18_1097,32,427
S18_1097,33,428
S18_1097,34,429
S18_1097,35,430
S18_1097,36,431
S18_1097,37,432
S18_1097,38,433
S18_1097,39,434
S18_1097,22,435
S18_1097,41,436
S18_1097,42,437
S18_1097,43,438
S18_1097,44,439
S18_1097,45,440
S18_1097,9,441
S18_1097,11,442
S18_1097,44,443
S18_1097,50,444
S18_1097,5,445
S18_1097,50,446
S18_1097,51,447
S18_1097,26,448
S18_1129,55,449
S18_1129,105,450
S18_1129,78,451
S18_1129,50,452
S18_1129,125,453
S18_1129,51,454
S18_1129,8,455
S18_1129,45,456
S18_1129,119,457
S18_1129,26,458
S18_1129,110,459
S18_1129,54,460
S18_1129,25,461
S18_1129,113,462
S18_1129,172,463
S18_1129,110,464
S18_1129,173,465
S18_1129,108,466
S18_1129,24,467
S18_1129,55,468
S18_1129,11,469
S18_1129,3,470
S18_1129,76,471
S18_1129,17,472
S18_1129,44,473
S18_1129,73,474
S18_1129,21,475
S18_1342,12,476
S18_1342,9,477
S18_1342,11,478
S18_1342,22,479
S18_1342,165,480
S18_1342,5,481
S18_1342,175,482
S18_1342,44,483
S18_1342,176,484
S18_1342,26,485
S18_1342,36,486
S18_1342,34,487
S18_1342,26,488
S18_1342,73,489
S18_1342,41,490
S18_1342,8,491
S18_1342,43,492
S18_1342,44,493
S18_1342,45,494
S18_1342,124,495
S18_1342,172,496
S18_1342,3,497
S18_1342,48,498
S18_1342,26,499
S18_1342,50,500
S18_1342,19,501
S18_1367,12,502
S18_1367,9,503
S18_1367,28,504
S18_1367,22,505
S18_1367,165,506
S18_1367,5,507
S18_1367,175,508
S18_1367,44,509
S18_1367,176,510
S18_1367,26,511
S18_1367,36,512
S18_1367,34,513
S18_1367,26,514
S18_1367,73,515
S18_1367,41,516
S18_1367,8,517
S18_1367,43,518
S18_1367,44,519
S18_1367,45,520
S18_1367,124,521
S18_1367,11,522
S18_1367,3,523
S18_1367,48,524
S18_1367,5,525
S18_1367,50,526
S18_1367,19,527
S18_1589,124,528
S18_1589,56,529
S18_1589,2,530
S18_1589,50,531
S18_1589,125,532
S18_1589,14,533
S18_1589,8,534
S18_1589,45,535
S18_1589,119,536
S18_1589,26,537
S18_1589,82,538
S18_1589,168,539
S18_1589,25,540
S18_1589,113,541
S18_1589,172,542
S18_1589,99,543
S18_1589,173,544
S18_1589,26,545
S18_1589,24,546
S18_1589,55,547
S18_1589,2,548
S18_1589,4,549
S18_1589,26,550
S18_1589,91,551
S18_1589,21,552
S18_1662,175,553
S18_1662,21,554
S18_1662,187,555
S18_1662,76,556
S18_1662,17,557
S18_1662,42,558
S18_1662,78,559
S18_1662,79,560
S18_1662,104,561
S18_1662,54,562
S18_1662,82,563
S18_1662,91,564
S18_1662,26,565
S18_1662,48,566
S18_1662,173,567
S18_1662,189,568
S18_1662,33,569
S18_1662,87,570
S18_1662,73,571
S18_1662,191,572
S18_1662,75,573
S18_1662,90,574
S18_1662,26,575
S18_1662,2,576
S18_1662,91,577
S18_1662,113,578
S18_1749,45,579
S18_1749,124,580
S18_1749,172,581
S18_1749,165,582
S18_1749,5,583
S18_1749,175,584
S18_1749,44,585
S18_1749,176,586
S18_1749,119,587
S18_1749,28,588
S18_1749,34,589
S18_1749,168,590
S18_1749,41,591
S18_1749,99,592
S18_1749,25,593
S18_1749,44,594
S18_1749,55,595
S18_1749,105,596
S18_1749,4,597
S18_1749,26,598
S18_1749,91,599
S18_1749,22,600
S18_1889,104,601
S18_1889,105,602
S18_1889,44,603
S18_1889,48,604
S18_1889,81,605
S18_1889,96,606
S18_1889,8,607
S18_1889,45,608
S18_1889,26,609
S18_1889,26,610
S18_1889,110,611
S18_1889,90,612
S18_1889,25,613
S18_1889,113,614
S18_1889,172,615
S18_1889,110,616
S18_1889,115,617
S18_1889,108,618
S18_1889,24,619
S18_1889,1,620
S18_1889,11,621
S18_1889,116,622
S18_1889,17,623
S18_1889,42,624
S18_1889,168,625
S18_1889,21,626
S18_1984,55,627
S18_1984,105,628
S18_1984,78,629
S18_1984,50,630
S18_1984,125,631
S18_1984,51,632
S18_1984,8,633
S18_1984,45,634
S18_1984,119,635
S18_1984,26,636
S18_1984,82,637
S18_1984,54,638
S18_1984,25,639
S18_1984,113,640
S18_1984,172,641
S18_1984,110,642
S18_1984,173,643
S18_1984,108,644
S18_1984,24,645
S18_1984,55,646
S18_1984,11,647
S18_1984,3,648
S18_1984,191,649
S18_1984,17,650
S18_1984,44,651
S18_1984,73,652
S18_1984,21,653
S18_2238,26,654
S18_2238,31,655
S18_2238,119,656
S18_2238,116,657
S18_2238,90,658
S18_2238,30,659
S18_2238,113,660
S18_2238,164,661
S18_2238,57,662
S18_2238,98,663
S18_2238,165,664
S18_2238,115,665
S18_2238,26,666
S18_2238,99,667
S18_2238,44,668
S18_2238,44,669
S18_2238,1,670
S18_2238,16,671
S18_2238,125,672
S18_2238,12,673
S18_2238,93,674
S18_2238,119,675
S18_2238,26,676
S18_2238,44,677
S18_2238,44,678
S18_2238,26,679
S18_2238,15,680
S18_2248,45,681
S18_2248,124,682
S18_2248,172,683
S18_2248,165,684
S18_2248,5,685
S18_2248,175,686
S18_2248,44,687
S18_2248,176,688
S18_2248,119,689
S18_2248,28,690
S18_2248,34,691
S18_2248,168,692
S18_2248,41,693
S18_2248,99,694
S18_2248,164,695
S18_2248,44,696
S18_2248,124,697
S18_2248,105,698
S18_2248,4,699
S18_2248,26,700
S18_2248,91,701
S18_2248,22,702
S18_2319,26,703
S18_2319,93,704
S18_2319,119,705
S18_2319,116,706
S18_2319,90,707
S18_2319,30,708
S18_2319,75,709
S18_2319,164,710
S18_2319,57,711
S18_2319,98,712
S18_2319,44,713
S18_2319,26,714
S18_2319,99,715
S18_2319,44,716
S18_2319,19,717
S18_2319,1,718
S18_2319,16,719
S18_2319,35,720
S18_2319,12,721
S18_2319,27,722
S18_2319,119,723
S18_2319,26,724
S18_2319,50,725
S18_2319,26,726
S18_2319,26,727
S18_2319,15,728
S18_2325,115,729
S18_2325,124,730
S18_2325,172,731
S18_2325,165,732
S18_2325,5,733
S18_2325,175,734
S18_2325,44,735
S18_2325,176,736
S18_2325,119,737
S18_2325,28,738
S18_2325,34,739
S18_2325,98,740
S18_2325,41,741
S18_2325,99,742
S18_2325,43,743
S18_2325,44,744
S18_2325,45,745
S18_2325,124,746
S18_2325,105,747
S18_2325,3,748
S18_2325,4,749
S18_2325,26,750
S18_2325,44,751
S18_2325,99,752
S18_2325,22,753
S18_2432,18,754
S18_2432,93,755
S18_2432,28,756
S18_2432,6,757
S18_2432,90,758
S18_2432,30,759
S18_2432,75,760
S18_2432,164,761
S18_2432,34,762
S18_2432,98,763
S18_2432,99,764
S18_2432,44,765
S18_2432,26,766
S18_2432,99,767
S18_2432,44,768
S18_2432,19,769
S18_2432,42,770
S18_2432,16,771
S18_2432,35,772
S18_2432,45,773
S18_2432,27,774
S18_2432,11,775
S18_2432,44,776
S18_2432,50,777
S18_2432,5,778
S18_2432,50,779
S18_2432,26,780
S18_2432,15,781
S18_2581,175,782
S18_2581,11,783
S18_2581,26,784
S18_2581,4,785
S18_2581,6,786
S18_2581,54,787
S18_2581,11,788
S18_2581,84,789
S18_2581,91,790
S18_2581,14,791
S18_2581,15,792
S18_2581,173,793
S18_2581,121,794
S18_2581,57,795
S18_2581,19,796
S18_2581,73,797
S18_2581,39,798
S18_2581,187,799
S18_2581,32,800
S18_2581,26,801
S18_2581,2,802
S18_2581,13,803
S18_2581,113,804
S18_2625,1,805
S18_2625,11,806
S18_2625,3,807
S18_2625,4,808
S18_2625,5,809
S18_2625,6,810
S18_2625,7,811
S18_2625,8,812
S18_2625,9,813
S18_2625,54,814
S18_2625,11,815
S18_2625,55,816
S18_2625,13,817
S18_2625,14,818
S18_2625,15,819
S18_2625,16,820
S18_2625,56,821
S18_2625,57,822
S18_2625,19,823
S18_2625,1,824
S18_2625,39,825
S18_2625,6,826
S18_2625,32,827
S18_2625,42,828
S18_2625,10,829
S18_2625,26,830
S18_2795,115,831
S18_2795,124,832
S18_2795,11,833
S18_2795,22,834
S18_2795,165,835
S18_2795,5,836
S18_2795,175,837
S18_2795,44,838
S18_2795,176,839
S18_2795,26,840
S18_2795,28,841
S18_2795,34,842
S18_2795,26,843
S18_2795,168,844
S18_2795,41,845
S18_2795,8,846
S18_2795,43,847
S18_2795,44,848
S18_2795,45,849
S18_2795,124,850
S18_2795,11,851
S18_2795,3,852
S18_2795,4,853
S18_2795,26,854
S18_2795,44,855
S18_2795,44,856
S18_2870,55,857
S18_2870,56,858
S18_2870,2,859
S18_2870,50,860
S18_2870,125,861
S18_2870,14,862
S18_2870,8,863
S18_2870,45,864
S18_2870,119,865
S18_2870,26,866
S18_2870,82,867
S18_2870,168,868
S18_2870,25,869
S18_2870,113,870
S18_2870,172,871
S18_2870,110,872
S18_2870,173,873
S18_2870,26,874
S18_2870,24,875
S18_2870,55,876
S18_2870,2,877
S18_2870,191,878
S18_2870,26,879
S18_2870,91,880
S18_2870,21,881
S18_2949,18,882
S18_2949,27,883
S18_2949,28,884
S18_2949,22,885
S18_2949,30,886
S18_2949,31,887
S18_2949,32,888
S18_2949,33,889
S18_2949,176,890
S18_2949,35,891
S18_2949,36,892
S18_2949,37,893
S18_2949,26,894
S18_2949,91,895
S18_2949,22,896
S18_2949,41,897
S18_2949,42,898
S18_2949,43,899
S18_2949,44,900
S18_2949,45,901
S18_2949,9,902
S18_2949,11,903
S18_2949,44,904
S18_2949,48,905
S18_2949,5,906
S18_2949,50,907
S18_2949,83,908
S18_2957,18,909
S18_2957,9,910
S18_2957,28,911
S18_2957,22,912
S18_2957,30,913
S18_2957,31,914
S18_2957,175,915
S18_2957,33,916
S18_2957,176,917
S18_2957,35,918
S18_2957,36,919
S18_2957,37,920
S18_2957,26,921
S18_2957,91,922
S18_2957,21,923
S18_2957,41,924
S18_2957,42,925
S18_2957,43,926
S18_2957,44,927
S18_2957,45,928
S18_2957,124,929
S18_2957,11,930
S18_2957,44,931
S18_2957,48,932
S18_2957,5,933
S18_2957,96,934
S18_2957,83,935
S18_3029,175,936
S18_3029,21,937
S18_3029,222,938
S18_3029,76,939
S18_3029,17,940
S18_3029,42,941
S18_3029,78,942
S18_3029,79,943
S18_3029,80,944
S18_3029,81,945
S18_3029,82,946
S18_3029,1,947
S18_3029,26,948
S18_3029,83,949
S18_3029,84,950
S18_3029,189,951
S18_3029,33,952
S18_3029,87,953
S18_3029,73,954
S18_3029,191,955
S18_3029,26,956
S18_3029,90,957
S18_3029,26,958
S18_3029,2,959
S18_3029,91,960
S18_3029,85,961
S18_3136,18,962
S18_3136,9,963
S18_3136,28,964
S18_3136,22,965
S18_3136,30,966
S18_3136,31,967
S18_3136,175,968
S18_3136,33,969
S18_3136,176,970
S18_3136,35,971
S18_3136,36,972
S18_3136,37,973
S18_3136,26,974
S18_3136,91,975
S18_3136,22,976
S18_3136,41,977
S18_3136,42,978
S18_3136,43,979
S18_3136,44,980
S18_3136,45,981
S18_3136,124,982
S18_3136,11,983
S18_3136,44,984
S18_3136,48,985
S18_3136,5,986
S18_3136,96,987
S18_3136,83,988
S18_3140,73,989
S18_3140,30,990
S18_3140,26,991
S18_3140,44,992
S18_3140,26,993
S18_3140,24,994
S18_3140,122,995
S18_3140,76,996
S18_3140,38,997
S18_3140,34,998
S18_3140,83,999
S18_3140,87,1000
S18_3140,1,1001
S18_3140,83,1002
S18_3140,44,1003
S18_3140,41,1004
S18_3140,124,1005
S18_3140,125,1006
S18_3140,18,1007
S18_3140,93,1008
S18_3140,26,1009
S18_3140,39,1010
S18_3140,26,1011
S18_3140,44,1012
S18_3140,85,1013
S18_3232,26,1014
S18_3232,55,1015
S18_3232,93,1016
S18_3232,105,1017
S18_3232,119,1018
S18_3232,78,1019
S18_3232,116,1020
S18_3232,50,1021
S18_3232,90,1022
S18_3232,81,1023
S18_3232,30,1024
S18_3232,51,1025
S18_3232,75,1026
S18_3232,8,1027
S18_3232,164,1028
S18_3232,45,1029
S18_3232,57,1030
S18_3232,26,1031
S18_3232,98,1032
S18_3232,26,1033
S18_3232,110,1034
S18_3232,44,1035
S18_3232,90,1036
S18_3232,26,1037
S18_3232,25,1038
S18_3232,99,1039
S18_3232,113,1040
S18_3232,44,1041
S18_3232,172,1042
S18_3232,19,1043
S18_3232,110,1044
S18_3232,1,1045
S18_3232,173,1046
S18_3232,16,1047
S18_3232,108,1048
S18_3232,35,1049
S18_3232,24,1050
S18_3232,12,1051
S18_3232,55,1052
S18_3232,27,1053
S18_3232,11,1054
S18_3232,119,1055
S18_3232,26,1056
S18_3232,191,1057
S18_3232,50,1058
S18_3232,17,1059
S18_3232,26,1060
S18_3232,26,1061
S18_3232,168,1062
S18_3232,26,1063
S18_3232,21,1064
S18_3232,15,1065
S18_3259,73,1066
S18_3259,30,1067
S18_3259,26,1068
S18_3259,44,1069
S18_3259,26,1070
S18_3259,30,1071
S18_3259,122,1072
S18_3259,76,1073
S18_3259,38,1074
S18_3259,34,1075
S18_3259,83,1076
S18_3259,87,1077
S18_3259,1,1078
S18_3259,83,1079
S18_3259,44,1080
S18_3259,41,1081
S18_3259,124,1082
S18_3259,125,1083
S18_3259,27,1084
S18_3259,93,1085
S18_3259,26,1086
S18_3259,39,1087
S18_3259,26,1088
S18_3259,44,1089
S18_3259,85,1090
S18_3278,104,1091
S18_3278,105,1092
S18_3278,44,1093
S18_3278,48,1094
S18_3278,5,1095
S18_3278,50,1096
S18_3278,8,1097
S18_3278,108,1098
S18_3278,26,1099
S18_3278,10,1100
S18_3278,110,1101
S18_3278,73,1102
S18_3278,10,1103
S18_3278,176,1104
S18_3278,114,1105
S18_3278,110,1106
S18_3278,115,1107
S18_3278,108,1108
S18_3278,141,1109
S18_3278,1,1110
S18_3278,11,1111
S18_3278,116,1112
S18_3278,26,1113
S18_3278,44,1114
S18_3320,18,1115
S18_3320,9,1116
S18_3320,28,1117
S18_3320,22,1118
S18_3320,165,1119
S18_3320,31,1120
S18_3320,175,1121
S18_3320,44,1122
S18_3320,176,1123
S18_3320,35,1124
S18_3320,36,1125
S18_3320,34,1126
S18_3320,26,1127
S18_3320,91,1128
S18_3320,41,1129
S18_3320,222,1130
S18_3320,43,1131
S18_3320,44,1132
S18_3320,115,1133
S18_3320,9,1134
S18_3320,11,1135
S18_3320,44,1136
S18_3320,48,1137
S18_3320,44,1138
S18_3320,96,1139
S18_3320,83,1140
S18_3482,104,1141
S18_3482,105,1142
S18_3482,44,1143
S18_3482,48,1144
S18_3482,5,1145
S18_3482,50,1146
S18_3482,8,1147
S18_3482,108,1148
S18_3482,26,1149
S18_3482,10,1150
S18_3482,110,1151
S18_3482,73,1152
S18_3482,10,1153
S18_3482,176,1154
S18_3482,114,1155
S18_3482,110,1156
S18_3482,115,1157
S18_3482,108,1158
S18_3482,27,1159
S18_3482,104,1160
S18_3482,11,1161
S18_3482,26,1162
S18_3482,116,1163
S18_3482,26,1164
S18_3482,44,1165
S18_3685,55,1166
S18_3685,56,1167
S18_3685,2,1168
S18_3685,50,1169
S18_3685,125,1170
S18_3685,14,1171
S18_3685,8,1172
S18_3685,45,1173
S18_3685,119,1174
S18_3685,26,1175
S18_3685,82,1176
S18_3685,54,1177
S18_3685,25,1178
S18_3685,113,1179
S18_3685,172,1180
S18_3685,110,1181
S18_3685,173,1182
S18_3685,26,1183
S18_3685,24,1184
S18_3685,55,1185
S18_3685,2,1186
S18_3685,4,1187
S18_3685,26,1188
S18_3685,73,1189
S18_3685,21,1190
S18_3782,104,1191
S18_3782,105,1192
S18_3782,44,1193
S18_3782,187,1194
S18_3782,5,1195
S18_3782,50,1196
S18_3782,7,1197
S18_3782,108,1198
S18_3782,10,1199
S18_3782,7,1200
S18_3782,12,1201
S18_3782,10,1202
S18_3782,85,1203
S18_3782,114,1204
S18_3782,93,1205
S18_3782,17,1206
S18_3782,108,1207
S18_3782,141,1208
S18_3782,104,1209
S18_3782,11,1210
S18_3782,26,1211
S18_3782,116,1212
S18_3782,26,1213
S18_3782,44,1214
S18_3782,25,1215
S18_3856,175,1216
S18_3856,21,1217
S18_3856,222,1218
S18_3856,76,1219
S18_3856,17,1220
S18_3856,42,1221
S18_3856,78,1222
S18_3856,79,1223
S18_3856,80,1224
S18_3856,81,1225
S18_3856,82,1226
S18_3856,37,1227
S18_3856,26,1228
S18_3856,83,1229
S18_3856,84,1230
S18_3856,189,1231
S18_3856,33,1232
S18_3856,87,1233
S18_3856,175,1234
S18_3856,191,1235
S18_3856,75,1236
S18_3856,90,1237
S18_3856,26,1238
S18_3856,2,1239
S18_3856,91,1240
S18_3856,176,1241
S18_4027,26,1242
S18_4027,30,1243
S18_4027,119,1244
S18_4027,44,1245
S18_4027,32,1246
S18_4027,30,1247
S18_4027,113,1248
S18_4027,76,1249
S18_4027,38,1250
S18_4027,98,1251
S18_4027,121,1252
S18_4027,115,1253
S18_4027,116,1254
S18_4027,19,1255
S18_4027,44,1256
S18_4027,1,1257
S18_4027,124,1258
S18_4027,125,1259
S18_4027,12,1260
S18_4027,31,1261
S18_4027,119,1262
S18_4027,26,1263
S18_4027,39,1264
S18_4027,26,1265
S18_4027,26,1266
S18_4027,14,1267
S18_4409,45,1268
S18_4409,124,1269
S18_4409,172,1270
S18_4409,50,1271
S18_4409,5,1272
S18_4409,175,1273
S18_4409,44,1274
S18_4409,176,1275
S18_4409,119,1276
S18_4409,79,1277
S18_4409,34,1278
S18_4409,168,1279
S18_4409,41,1280
S18_4409,99,1281
S18_4409,25,1282
S18_4409,26,1283
S18_4409,124,1284
S18_4409,105,1285
S18_4409,4,1286
S18_4409,26,1287
S18_4409,91,1288
S18_4409,22,1289
S18_4522,73,1290
S18_4522,30,1291
S18_4522,26,1292
S18_4522,44,1293
S18_4522,26,1294
S18_4522,24,1295
S18_4522,122,1296
S18_4522,76,1297
S18_4522,80,1298
S18_4522,34,1299
S18_4522,83,1300
S18_4522,87,1301
S18_4522,1,1302
S18_4522,51,1303
S18_4522,83,1304
S18_4522,84,1305
S18_4522,41,1306
S18_4522,124,1307
S18_4522,15,1308
S18_4522,27,1309
S18_4522,31,1310
S18_4522,26,1311
S18_4522,39,1312
S18_4522,26,1313
S18_4522,44,1314
S18_4522,85,1315
S18_4600,18,1316
S18_4600,93,1317
S18_4600,28,1318
S18_4600,6,1319
S18_4600,30,1320
S18_4600,96,1321
S18_4600,75,1322
S18_4600,33,1323
S18_4600,34,1324
S18_4600,98,1325
S18_4600,99,1326
S18_4600,44,1327
S18_4600,38,1328
S18_4600,99,1329
S18_4600,22,1330
S18_4600,19,1331
S18_4600,42,1332
S18_4600,16,1333
S18_4600,35,1334
S18_4600,115,1335
S18_4600,27,1336
S18_4600,11,1337
S18_4600,44,1338
S18_4600,50,1339
S18_4600,44,1340
S18_4600,51,1341
S18_4600,15,1342
S18_4668,18,1343
S18_4668,44,1344
S18_4668,28,1345
S18_4668,6,1346
S18_4668,30,1347
S18_4668,96,1348
S18_4668,32,1349
S18_4668,33,1350
S18_4668,34,1351
S18_4668,35,1352
S18_4668,36,1353
S18_4668,44,1354
S18_4668,38,1355
S18_4668,39,1356
S18_4668,22,1357
S18_4668,19,1358
S18_4668,42,1359
S18_4668,43,1360
S18_4668,44,1361
S18_4668,12,1362
S18_4668,9,1363
S18_4668,28,1364
S18_4668,26,1365
S18_4668,50,1366
S18_4668,44,1367
S18_4668,51,1368
S18_4668,26,1369
S18_4721,104,1370
S18_4721,105,1371
S18_4721,44,1372
S18_4721,187,1373
S18_4721,5,1374
S18_4721,50,1375
S18_4721,7,1376
S18_4721,108,1377
S18_4721,10,1378
S18_4721,110,1379
S18_4721,73,1380
S18_4721,10,1381
S18_4721,85,1382
S18_4721,114,1383
S18_4721,110,1384
S18_4721,17,1385
S18_4721,108,1386
S18_4721,141,1387
S18_4721,104,1388
S18_4721,11,1389
S18_4721,26,1390
S18_4721,116,1391
S18_4721,26,1392
S18_4721,44,1393
S18_4933,124,1394
S18_4933,172,1395
S18_4933,50,1396
S18_4933,125,1397
S18_4933,175,1398
S18_4933,44,1399
S18_4933,176,1400
S18_4933,119,1401
S18_4933,79,1402
S18_4933,34,1403
S18_4933,168,1404
S18_4933,119,1405
S18_4933,26,1406
S18_4933,99,1407
S18_4933,25,1408
S18_4933,26,1409
S18_4933,124,1410
S18_4933,105,1411
S18_4933,4,1412
S18_4933,26,1413
S18_4933,91,1414
S18_4933,22,1415
S24_1046,124,1416
S24_1046,172,1417
S24_1046,50,1418
S24_1046,125,1419
S24_1046,14,1420
S24_1046,44,1421
S24_1046,45,1422
S24_1046,119,1423
S24_1046,26,1424
S24_1046,82,1425
S24_1046,168,1426
S24_1046,119,1427
S24_1046,26,1428
S24_1046,99,1429
S24_1046,173,1430
S24_1046,26,1431
S24_1046,24,1432
S24_1046,124,1433
S24_1046,105,1434
S24_1046,4,1435
S24_1046,26,1436
S24_1046,91,1437
S24_1046,22,1438
S24_1444,26,1439
S24_1444,31,1440
S24_1444,119,1441
S24_1444,116,1442
S24_1444,32,1443
S24_1444,30,1444
S24_1444,113,1445
S24_1444,164,1446
S24_1444,57,1447
S24_1444,98,1448
S24_1444,121,1449
S24_1444,115,1450
S24_1444,26,1451
S24_1444,99,1452
S24_1444,44,1453
S24_1444,44,1454
S24_1444,1,1455
S24_1444,16,1456
S24_1444,125,1457
S24_1444,12,1458
S24_1444,93,1459
S24_1444,119,1460
S24_1444,26,1461
S24_1444,44,1462
S24_1444,26,1463
S24_1444,26,1464
S24_1444,26,1465
S24_1444,15,1466
S24_1578,1,1467
S24_1578,11,1468
S24_1578,3,1469
S24_1578,4,1470
S24_1578,5,1471
S24_1578,6,1472
S24_1578,7,1473
S24_1578,8,1474
S24_1578,9,1475
S24_1578,10,1476
S24_1578,11,1477
S24_1578,12,1478
S24_1578,13,1479
S24_1578,14,1480
S24_1578,15,1481
S24_1578,16,1482
S24_1578,17,1483
S24_1578,18,1484
S24_1578,19,1485
S24_1578,1,1486
S24_1578,39,1487
S24_1578,6,1488
S24_1578,32,1489
S24_1578,42,1490
S24_1578,25,1491
S24_1578,26,1492
S24_1628,124,1493
S24_1628,56,1494
S24_1628,2,1495
S24_1628,50,1496
S24_1628,125,1497
S24_1628,14,1498
S24_1628,8,1499
S24_1628,45,1500
S24_1628,119,1501
S24_1628,26,1502
S24_1628,82,1503
S24_1628,168,1504
S24_1628,113,1505
S24_1628,172,1506
S24_1628,99,1507
S24_1628,173,1508
S24_1628,26,1509
S24_1628,24,1510
S24_1628,124,1511
S24_1628,2,1512
S24_1628,4,1513
S24_1628,26,1514
S24_1628,91,1515
S24_1628,22,1516
S24_1785,175,1517
S24_1785,11,1518
S24_1785,26,1519
S24_1785,4,1520
S24_1785,6,1521
S24_1785,54,1522
S24_1785,11,1523
S24_1785,84,1524
S24_1785,91,1525
S24_1785,26,1526
S24_1785,15,1527
S24_1785,173,1528
S24_1785,121,1529
S24_1785,57,1530
S24_1785,87,1531
S24_1785,175,1532
S24_1785,39,1533
S24_1785,187,1534
S24_1785,32,1535
S24_1785,26,1536
S24_1785,2,1537
S24_1785,13,1538
S24_1785,113,1539
S24_1937,115,1540
S24_1937,124,1541
S24_1937,172,1542
S24_1937,165,1543
S24_1937,5,1544
S24_1937,175,1545
S24_1937,44,1546
S24_1937,176,1547
S24_1937,26,1548
S24_1937,28,1549
S24_1937,34,1550
S24_1937,98,1551
S24_1937,41,1552
S24_1937,99,1553
S24_1937,43,1554
S24_1937,44,1555
S24_1937,45,1556
S24_1937,124,1557
S24_1937,105,1558
S24_1937,3,1559
S24_1937,4,1560
S24_1937,26,1561
S24_1937,50,1562
S24_1937,99,1563
S24_1937,22,1564
S24_2000,1,1565
S24_2000,11,1566
S24_2000,3,1567
S24_2000,4,1568
S24_2000,18,1569
S24_2000,6,1570
S24_2000,7,1571
S24_2000,8,1572
S24_2000,9,1573
S24_2000,54,1574
S24_2000,11,1575
S24_2000,55,1576
S24_2000,91,1577
S24_2000,14,1578
S24_2000,15,1579
S24_2000,16,1580
S24_2000,121,1581
S24_2000,57,1582
S24_2000,19,1583
S24_2000,1,1584
S24_2000,80,1585
S24_2000,116,1586
S24_2000,15,1587
S24_2000,42,1588
S24_2000,10,1589
S24_2000,113,1590
S24_2011,73,1591
S24_2011,30,1592
S24_2011,75,1593
S24_2011,44,1594
S24_2011,26,1595
S24_2011,42,1596
S24_2011,122,1597
S24_2011,76,1598
S24_2011,80,1599
S24_2011,34,1600
S24_2011,83,1601
S24_2011,87,1602
S24_2011,1,1603
S24_2011,51,1604
S24_2011,83,1605
S24_2011,84,1606
S24_2011,41,1607
S24_2011,124,1608
S24_2011,15,1609
S24_2011,27,1610
S24_2011,31,1611
S24_2011,26,1612
S24_2011,39,1613
S24_2011,5,1614
S24_2011,44,1615
S24_2011,85,1616
S24_2022,115,1617
S24_2022,124,1618
S24_2022,172,1619
S24_2022,165,1620
S24_2022,5,1621
S24_2022,175,1622
S24_2022,44,1623
S24_2022,176,1624
S24_2022,26,1625
S24_2022,28,1626
S24_2022,34,1627
S24_2022,26,1628
S24_2022,168,1629
S24_2022,41,1630
S24_2022,8,1631
S24_2022,43,1632
S24_2022,44,1633
S24_2022,45,1634
S24_2022,124,1635
S24_2022,56,1636
S24_2022,3,1637
S24_2022,4,1638
S24_2022,26,1639
S24_2022,50,1640
S24_2022,44,1641
S24_2300,18,1642
S24_2300,93,1643
S24_2300,28,1644
S24_2300,6,1645
S24_2300,90,1646
S24_2300,30,1647
S24_2300,75,1648
S24_2300,164,1649
S24_2300,34,1650
S24_2300,98,1651
S24_2300,99,1652
S24_2300,44,1653
S24_2300,26,1654
S24_2300,99,1655
S24_2300,44,1656
S24_2300,19,1657
S24_2300,42,1658
S24_2300,16,1659
S24_2300,35,1660
S24_2300,12,1661
S24_2300,27,1662
S24_2300,28,1663
S24_2300,26,1664
S24_2300,44,1665
S24_2300,44,1666
S24_2300,26,1667
S24_2300,15,1668
S24_2360,104,1669
S24_2360,2,1670
S24_2360,44,1671
S24_2360,4,1672
S24_2360,5,1673
S24_2360,50,1674
S24_2360,7,1675
S24_2360,26,1676
S24_2360,10,1677
S24_2360,7,1678
S24_2360,12,1679
S24_2360,10,1680
S24_2360,85,1681
S24_2360,114,1682
S24_2360,16,1683
S24_2360,17,1684
S24_2360,18,1685
S24_2360,141,1686
S24_2360,104,1687
S24_2360,21,1688
S24_2360,26,1689
S24_2360,116,1690
S24_2360,15,1691
S24_2360,44,1692
S24_2360,25,1693
S24_2766,124,1694
S24_2766,172,1695
S24_2766,50,1696
S24_2766,125,1697
S24_2766,14,1698
S24_2766,44,1699
S24_2766,45,1700
S24_2766,119,1701
S24_2766,26,1702
S24_2766,34,1703
S24_2766,168,1704
S24_2766,119,1705
S24_2766,26,1706
S24_2766,99,1707
S24_2766,25,1708
S24_2766,26,1709
S24_2766,24,1710
S24_2766,124,1711
S24_2766,172,1712
S24_2766,44,1713
S24_2766,26,1714
S24_2766,91,1715
S24_2766,22,1716
S24_2840,26,1717
S24_2840,93,1718
S24_2840,119,1719
S24_2840,116,1720
S24_2840,90,1721
S24_2840,30,1722
S24_2840,75,1723
S24_2840,164,1724
S24_2840,57,1725
S24_2840,98,1726
S24_2840,165,1727
S24_2840,44,1728
S24_2840,26,1729
S24_2840,99,1730
S24_2840,44,1731
S24_2840,19,1732
S24_2840,1,1733
S24_2840,16,1734
S24_2840,125,1735
S24_2840,12,1736
S24_2840,44,1737
S24_2840,119,1738
S24_2840,26,1739
S24_2840,44,1740
S24_2840,26,1741
S24_2840,26,1742
S24_2840,26,1743
S24_2840,15,1744
S24_2841,175,1745
S24_2841,21,1746
S24_2841,187,1747
S24_2841,76,1748
S24_2841,17,1749
S24_2841,42,1750
S24_2841,78,1751
S24_2841,79,1752
S24_2841,104,1753
S24_2841,81,1754
S24_2841,82,1755
S24_2841,37,1756
S24_2841,26,1757
S24_2841,48,1758
S24_2841,173,1759
S24_2841,189,1760
S24_2841,33,1761
S24_2841,87,1762
S24_2841,175,1763
S24_2841,39,1764
S24_2841,75,1765
S24_2841,90,1766
S24_2841,26,1767
S24_2841,2,1768
S24_2841,91,1769
S24_2841,176,1770
S24_2887,124,1771
S24_2887,172,1772
S24_2887,50,1773
S24_2887,125,1774
S24_2887,175,1775
S24_2887,44,1776
S24_2887,45,1777
S24_2887,119,1778
S24_2887,79,1779
S24_2887,34,1780
S24_2887,168,1781
S24_2887,119,1782
S24_2887,26,1783
S24_2887,99,1784
S24_2887,25,1785
S24_2887,26,1786
S24_2887,124,1787
S24_2887,172,1788
S24_2887,44,1789
S24_2887,26,1790
S24_2887,91,1791
S24_2887,22,1792
S24_2972,55,1793
S24_2972,105,1794
S24_2972,44,1795
S24_2972,48,1796
S24_2972,81,1797
S24_2972,51,1798
S24_2972,8,1799
S24_2972,45,1800
S24_2972,26,1801
S24_2972,26,1802
S24_2972,110,1803
S24_2972,90,1804
S24_2972,25,1805
S24_2972,113,1806
S24_2972,172,1807
S24_2972,110,1808
S24_2972,173,1809
S24_2972,108,1810
S24_2972,24,1811
S24_2972,55,1812
S24_2972,11,1813
S24_2972,26,1814
S24_2972,4,1815
S24_2972,26,1816
S24_2972,44,1817
S24_2972,168,1818
S24_2972,21,1819
S24_3151,73,1820
S24_3151,21,1821
S24_3151,75,1822
S24_3151,44,1823
S24_3151,151,1824
S24_3151,42,1825
S24_3151,122,1826
S24_3151,76,1827
S24_3151,80,1828
S24_3151,34,1829
S24_3151,82,1830
S24_3151,13,1831
S24_3151,1,1832
S24_3151,51,1833
S24_3151,83,1834
S24_3151,84,1835
S24_3151,85,1836
S24_3151,124,1837
S24_3151,15,1838
S24_3151,27,1839
S24_3151,39,1840
S24_3151,26,1841
S24_3151,90,1842
S24_3151,5,1843
S24_3151,44,1844
S24_3151,85,1845
S24_3191,124,1846
S24_3191,172,1847
S24_3191,50,1848
S24_3191,125,1849
S24_3191,14,1850
S24_3191,44,1851
S24_3191,45,1852
S24_3191,119,1853
S24_3191,26,1854
S24_3191,34,1855
S24_3191,168,1856
S24_3191,119,1857
S24_3191,26,1858
S24_3191,99,1859
S24_3191,25,1860
S24_3191,26,1861
S24_3191,24,1862
S24_3191,124,1863
S24_3191,172,1864
S24_3191,44,1865
S24_3191,26,1866
S24_3191,91,1867
S24_3191,22,1868
S24_3371,104,1869
S24_3371,105,1870
S24_3371,44,1871
S24_3371,48,1872
S24_3371,5,1873
S24_3371,50,1874
S24_3371,8,1875
S24_3371,108,1876
S24_3371,26,1877
S24_3371,10,1878
S24_3371,110,1879
S24_3371,73,1880
S24_3371,25,1881
S24_3371,113,1882
S24_3371,114,1883
S24_3371,110,1884
S24_3371,115,1885
S24_3371,108,1886
S24_3371,27,1887
S24_3371,55,1888
S24_3371,11,1889
S24_3371,26,1890
S24_3371,116,1891
S24_3371,26,1892
S24_3371,44,1893
S24_3371,21,1894
S24_3420,175,1895
S24_3420,21,1896
S24_3420,187,1897
S24_3420,76,1898
S24_3420,17,1899
S24_3420,42,1900
S24_3420,78,1901
S24_3420,79,1902
S24_3420,104,1903
S24_3420,81,1904
S24_3420,82,1905
S24_3420,37,1906
S24_3420,26,1907
S24_3420,48,1908
S24_3420,173,1909
S24_3420,189,1910
S24_3420,33,1911
S24_3420,87,1912
S24_3420,175,1913
S24_3420,39,1914
S24_3420,75,1915
S24_3420,22,1916
S24_3420,90,1917
S24_3420,26,1918
S24_3420,2,1919
S24_3420,91,1920
S24_3420,176,1921
S24_3432,124,1922
S24_3432,172,1923
S24_3432,50,1924
S24_3432,125,1925
S24_3432,14,1926
S24_3432,44,1927
S24_3432,45,1928
S24_3432,119,1929
S24_3432,26,1930
S24_3432,82,1931
S24_3432,168,1932
S24_3432,119,1933
S24_3432,26,1934
S24_3432,99,1935
S24_3432,173,1936
S24_3432,26,1937
S24_3432,24,1938
S24_3432,124,1939
S24_3432,172,1940
S24_3432,44,1941
S24_3432,26,1942
S24_3432,91,1943
S24_3432,22,1944
S24_3816,73,1945
S24_3816,21,1946
S24_3816,75,1947
S24_3816,76,1948
S24_3816,17,1949
S24_3816,42,1950
S24_3816,78,1951
S24_3816,79,1952
S24_3816,80,1953
S24_3816,81,1954
S24_3816,82,1955
S24_3816,1,1956
S24_3816,26,1957
S24_3816,83,1958
S24_3816,84,1959
S24_3816,189,1960
S24_3816,33,1961
S24_3816,87,1962
S24_3816,27,1963
S24_3816,39,1964
S24_3816,26,1965
S24_3816,90,1966
S24_3816,44,1967
S24_3816,44,1968
S24_3816,91,1969
S24_3816,85,1970
S24_3856,104,1971
S24_3856,105,1972
S24_3856,44,1973
S24_3856,48,1974
S24_3856,81,1975
S24_3856,96,1976
S24_3856,8,1977
S24_3856,45,1978
S24_3856,26,1979
S24_3856,26,1980
S24_3856,110,1981
S24_3856,90,1982
S24_3856,25,1983
S24_3856,113,1984
S24_3856,172,1985
S24_3856,110,1986
S24_3856,173,1987
S24_3856,108,1988
S24_3856,24,1989
S24_3856,55,1990
S24_3856,11,1991
S24_3856,26,1992
S24_3856,116,1993
S24_3856,26,1994
S24_3856,44,1995
S24_3856,168,1996
S24_3856,21,1997
S24_3949,175,1998
S24_3949,21,1999
S24_3949,187,2000
S24_3949,76,2001
S24_3949,17,2002
S24_3949,6,2003
S24_3949,78,2004
S24_3949,104,2005
S24_3949,54,2006
S24_3949,82,2007
S24_3949,84,2008
S24_3949,91,2009
S24_3949,26,2010
S24_3949,15,2011
S24_3949,173,2012
S24_3949,189,2013
S24_3949,57,2014
S24_3949,87,2015
S24_3949,175,2016
S24_3949,39,2017
S24_3949,75,2018
S24_3949,22,2019
S24_3949,90,2020
S24_3949,26,2021
S24_3949,2,2022
S24_3949,13,2023
S24_3949,113,2024
S24_3969,45,2025
S24_3969,124,2026
S24_3969,172,2027
S24_3969,165,2028
S24_3969,5,2029
S24_3969,175,2030
S24_3969,44,2031
S24_3969,176,2032
S24_3969,119,2033
S24_3969,28,2034
S24_3969,34,2035
S24_3969,141,2036
S24_3969,41,2037
S24_3969,99,2038
S24_3969,164,2039
S24_3969,44,2040
S24_3969,124,2041
S24_3969,172,2042
S24_3969,44,2043
S24_3969,26,2044
S24_3969,39,2045
S24_3969,22,2046
S24_4048,26,2047
S24_4048,31,2048
S24_4048,119,2049
S24_4048,116,2050
S24_4048,32,2051
S24_4048,30,2052
S24_4048,113,2053
S24_4048,164,2054
S24_4048,57,2055
S24_4048,98,2056
S24_4048,121,2057
S24_4048,115,2058
S24_4048,26,2059
S24_4048,44,2060
S24_4048,44,2061
S24_4048,1,2062
S24_4048,16,2063
S24_4048,125,2064
S24_4048,18,2065
S24_4048,93,2066
S24_4048,119,2067
S24_4048,2,2068
S24_4048,44,2069
S24_4048,26,2070
S24_4048,26,2071
S24_4048,26,2072
S24_4258,18,2073
S24_4258,9,2074
S24_4258,28,2075
S24_4258,22,2076
S24_4258,165,2077
S24_4258,31,2078
S24_4258,175,2079
S24_4258,33,2080
S24_4258,176,2081
S24_4258,35,2082
S24_4258,36,2083
S24_4258,37,2084
S24_4258,26,2085
S24_4258,91,2086
S24_4258,21,2087
S24_4258,41,2088
S24_4258,222,2089
S24_4258,43,2090
S24_4258,44,2091
S24_4258,12,2092
S24_4258,9,2093
S24_4258,28,2094
S24_4258,26,2095
S24_4258,48,2096
S24_4258,44,2097
S24_4258,83,2098
S24_4278,175,2099
S24_4278,11,2100
S24_4278,26,2101
S24_4278,4,2102
S24_4278,6,2103
S24_4278,54,2104
S24_4278,11,2105
S24_4278,84,2106
S24_4278,91,2107
S24_4278,14,2108
S24_4278,15,2109
S24_4278,173,2110
S24_4278,121,2111
S24_4278,57,2112
S24_4278,6,2113
S24_4278,175,2114
S24_4278,80,2115
S24_4278,187,2116
S24_4278,22,2117
S24_4278,15,2118
S24_4278,26,2119
S24_4278,2,2120
S24_4278,13,2121
S24_4278,113,2122
S24_4620,104,2123
S24_4620,105,2124
S24_4620,44,2125
S24_4620,48,2126
S24_4620,5,2127
S24_4620,50,2128
S24_4620,7,2129
S24_4620,108,2130
S24_4620,10,2131
S24_4620,110,2132
S24_4620,73,2133
S24_4620,10,2134
S24_4620,85,2135
S24_4620,114,2136
S24_4620,110,2137
S24_4620,17,2138
S24_4620,108,2139
S24_4620,141,2140
S24_4620,55,2141
S24_4620,2,2142
S24_4620,26,2143
S24_4620,116,2144
S24_4620,26,2145
S24_4620,44,2146
S32_1268,18,2147
S32_1268,93,2148
S32_1268,28,2149
S32_1268,6,2150
S32_1268,90,2151
S32_1268,96,2152
S32_1268,75,2153
S32_1268,164,2154
S32_1268,34,2155
S32_1268,98,2156
S32_1268,99,2157
S32_1268,44,2158
S32_1268,38,2159
S32_1268,99,2160
S32_1268,22,2161
S32_1268,19,2162
S32_1268,42,2163
S32_1268,16,2164
S32_1268,35,2165
S32_1268,12,2166
S32_1268,44,2167
S32_1268,28,2168
S32_1268,26,2169
S32_1268,44,2170
S32_1268,44,2171
S32_1268,51,2172
S32_1268,15,2173
S32_1374,1,2174
S32_1374,11,2175
S32_1374,26,2176
S32_1374,4,2177
S32_1374,6,2178
S32_1374,8,2179
S32_1374,54,2180
S32_1374,11,2181
S32_1374,84,2182
S32_1374,91,2183
S32_1374,14,2184
S32_1374,15,2185
S32_1374,16,2186
S32_1374,121,2187
S32_1374,57,2188
S32_1374,19,2189
S32_1374,1,2190
S32_1374,80,2191
S32_1374,187,2192
S32_1374,116,2193
S32_1374,15,2194
S32_1374,30,2195
S32_1374,13,2196
S32_1374,113,2197
S32_2206,104,2198
S32_2206,105,2199
S32_2206,44,2200
S32_2206,4,2201
S32_2206,5,2202
S32_2206,50,2203
S32_2206,7,2204
S32_2206,26,2205
S32_2206,10,2206
S32_2206,7,2207
S32_2206,12,2208
S32_2206,10,2209
S32_2206,85,2210
S32_2206,114,2211
S32_2206,16,2212
S32_2206,17,2213
S32_2206,108,2214
S32_2206,141,2215
S32_2206,55,2216
S32_2206,2,2217
S32_2206,26,2218
S32_2206,105,2219
S32_2206,26,2220
S32_2206,44,2221
S32_2206,25,2222
S32_2509,26,2223
S32_2509,93,2224
S32_2509,119,2225
S32_2509,116,2226
S32_2509,90,2227
S32_2509,30,2228
S32_2509,75,2229
S32_2509,164,2230
S32_2509,57,2231
S32_2509,98,2232
S32_2509,165,2233
S32_2509,44,2234
S32_2509,26,2235
S32_2509,99,2236
S32_2509,44,2237
S32_2509,19,2238
S32_2509,1,2239
S32_2509,16,2240
S32_2509,35,2241
S32_2509,18,2242
S32_2509,44,2243
S32_2509,119,2244
S32_2509,2,2245
S32_2509,44,2246
S32_2509,26,2247
S32_2509,26,2248
S32_2509,26,2249
S32_2509,15,2250
S32_3207,26,2251
S32_3207,191,2252
S32_3207,119,2253
S32_3207,44,2254
S32_3207,32,2255
S32_3207,30,2256
S32_3207,113,2257
S32_3207,164,2258
S32_3207,57,2259
S32_3207,98,2260
S32_3207,121,2261
S32_3207,115,2262
S32_3207,116,2263
S32_3207,19,2264
S32_3207,44,2265
S32_3207,1,2266
S32_3207,124,2267
S32_3207,125,2268
S32_3207,18,2269
S32_3207,93,2270
S32_3207,26,2271
S32_3207,2,2272
S32_3207,44,2273
S32_3207,26,2274
S32_3207,26,2275
S32_3207,14,2276
S32_3522,18,2277
S32_3522,44,2278
S32_3522,28,2279
S32_3522,6,2280
S32_3522,30,2281
S32_3522,96,2282
S32_3522,75,2283
S32_3522,33,2284
S32_3522,34,2285
S32_3522,35,2286
S32_3522,99,2287
S32_3522,44,2288
S32_3522,38,2289
S32_3522,39,2290
S32_3522,22,2291
S32_3522,19,2292
S32_3522,42,2293
S32_3522,43,2294
S32_3522,35,2295
S32_3522,12,2296
S32_3522,9,2297
S32_3522,28,2298
S32_3522,26,2299
S32_3522,50,2300
S32_3522,44,2301
S32_3522,51,2302
S32_3522,26,2303
S32_4289,175,2304
S32_4289,11,2305
S32_4289,26,2306
S32_4289,191,2307
S32_4289,6,2308
S32_4289,54,2309
S32_4289,11,2310
S32_4289,84,2311
S32_4289,91,2312
S32_4289,26,2313
S32_4289,15,2314
S32_4289,173,2315
S32_4289,121,2316
S32_4289,57,2317
S32_4289,87,2318
S32_4289,175,2319
S32_4289,80,2320
S32_4289,187,2321
S32_4289,22,2322
S32_4289,15,2323
S32_4289,24,2324
S32_4289,2,2325
S32_4289,13,2326
S32_4289,113,2327
S32_4485,104,2328
S32_4485,2,2329
S32_4485,44,2330
S32_4485,4,2331
S32_4485,5,2332
S32_4485,50,2333
S32_4485,7,2334
S32_4485,26,2335
S32_4485,10,2336
S32_4485,7,2337
S32_4485,12,2338
S32_4485,10,2339
S32_4485,85,2340
S32_4485,114,2341
S32_4485,16,2342
S32_4485,17,2343
S32_4485,18,2344
S32_4485,141,2345
S32_4485,55,2346
S32_4485,21,2347
S32_4485,26,2348
S32_4485,76,2349
S32_4485,15,2350
S32_4485,44,2351
S32_4485,25,2352
S50_1341,175,2353
S50_1341,11,2354
S50_1341,26,2355
S50_1341,76,2356
S50_1341,26,2357
S50_1341,6,2358
S50_1341,36,2359
S50_1341,54,2360
S50_1341,11,2361
S50_1341,84,2362
S50_1341,91,2363
S50_1341,26,2364
S50_1341,15,2365
S50_1341,173,2366
S50_1341,189,2367
S50_1341,57,2368
S50_1341,87,2369
S50_1341,175,2370
S50_1341,80,2371
S50_1341,187,2372
S50_1341,22,2373
S50_1341,15,2374
S50_1341,24,2375
S50_1341,2,2376
S50_1341,13,2377
S50_1341,113,2378
S50_1392,26,2379
S50_1392,31,2380
S50_1392,119,2381
S50_1392,116,2382
S50_1392,90,2383
S50_1392,30,2384
S50_1392,113,2385
S50_1392,164,2386
S50_1392,57,2387
S50_1392,98,2388
S50_1392,121,2389
S50_1392,115,2390
S50_1392,26,2391
S50_1392,99,2392
S50_1392,44,2393
S50_1392,44,2394
S50_1392,1,2395
S50_1392,16,2396
S50_1392,125,2397
S50_1392,18,2398
S50_1392,93,2399
S50_1392,26,2400
S50_1392,2,2401
S50_1392,44,2402
S50_1392,26,2403
S50_1392,3,2404
S50_1392,26,2405
S50_1392,15,2406
S50_1514,26,2407
S50_1514,30,2408
S50_1514,119,2409
S50_1514,44,2410
S50_1514,26,2411
S50_1514,30,2412
S50_1514,113,2413
S50_1514,76,2414
S50_1514,38,2415
S50_1514,34,2416
S50_1514,121,2417
S50_1514,115,2418
S50_1514,116,2419
S50_1514,19,2420
S50_1514,44,2421
S50_1514,1,2422
S50_1514,124,2423
S50_1514,125,2424
S50_1514,18,2425
S50_1514,31,2426
S50_1514,26,2427
S50_1514,2,2428
S50_1514,39,2429
S50_1514,26,2430
S50_1514,3,2431
S50_1514,14,2432
S50_4713,104,2433
S50_4713,2,2434
S50_4713,44,2435
S50_4713,4,2436
S50_4713,5,2437
S50_4713,50,2438
S50_4713,7,2439
S50_4713,26,2440
S50_4713,10,2441
S50_4713,7,2442
S50_4713,12,2443
S50_4713,10,2444
S50_4713,85,2445
S50_4713,114,2446
S50_4713,16,2447
S50_4713,17,2448
S50_4713,18,2449
S50_4713,141,2450
S50_4713,55,2451
S50_4713,21,2452
S50_4713,3,2453
S50_4713,76,2454
S50_4713,15,2455
S50_4713,44,2456
S50_4713,25,2457
S700_1138,73,2458
S700_1138,21,2459
S700_1138,75,2460
S700_1138,44,2461
S700_1138,26,2462
S700_1138,42,2463
S700_1138,122,2464
S700_1138,76,2465
S700_1138,80,2466
S700_1138,34,2467
S700_1138,82,2468
S700_1138,13,2469
S700_1138,1,2470
S700_1138,51,2471
S700_1138,83,2472
S700_1138,84,2473
S700_1138,85,2474
S700_1138,124,2475
S700_1138,15,2476
S700_1138,27,2477
S700_1138,39,2478
S700_1138,26,2479
S700_1138,90,2480
S700_1138,44,2481
S700_1138,44,2482
S700_1138,85,2483
S700_1691,175,2484
S700_1691,11,2485
S700_1691,26,2486
S700_1691,76,2487
S700_1691,26,2488
S700_1691,6,2489
S700_1691,36,2490
S700_1691,54,2491
S700_1691,11,2492
S700_1691,84,2493
S700_1691,91,2494
S700_1691,26,2495
S700_1691,15,2496
S700_1691,173,2497
S700_1691,189,2498
S700_1691,57,2499
S700_1691,87,2500
S700_1691,175,2501
S700_1691,80,2502
S700_1691,187,2503
S700_1691,22,2504
S700_1691,15,2505
S700_1691,24,2506
S700_1691,2,2507
S700_1691,13,2508
S700_1691,113,2509
S700_1938,73,2510
S700_1938,30,2511
S700_1938,26,2512
S700_1938,44,2513
S700_1938,26,2514
S700_1938,24,2515
S700_1938,122,2516
S700_1938,76,2517
S700_1938,38,2518
S700_1938,34,2519
S700_1938,83,2520
S700_1938,87,2521
S700_1938,1,2522
S700_1938,83,2523
S700_1938,44,2524
S700_1938,41,2525
S700_1938,124,2526
S700_1938,125,2527
S700_1938,73,2528
S700_1938,31,2529
S700_1938,26,2530
S700_1938,39,2531
S700_1938,5,2532
S700_1938,78,2533
S700_1938,85,2534
S700_2047,175,2535
S700_2047,21,2536
S700_2047,187,2537
S700_2047,76,2538
S700_2047,17,2539
S700_2047,42,2540
S700_2047,78,2541
S700_2047,79,2542
S700_2047,80,2543
S700_2047,81,2544
S700_2047,82,2545
S700_2047,37,2546
S700_2047,26,2547
S700_2047,48,2548
S700_2047,84,2549
S700_2047,189,2550
S700_2047,33,2551
S700_2047,87,2552
S700_2047,175,2553
S700_2047,39,2554
S700_2047,222,2555
S700_2047,22,2556
S700_2047,90,2557
S700_2047,26,2558
S700_2047,2,2559
S700_2047,91,2560
S700_2047,176,2561
S700_2466,175,2562
S700_2466,11,2563
S700_2466,187,2564
S700_2466,76,2565
S700_2466,17,2566
S700_2466,6,2567
S700_2466,78,2568
S700_2466,104,2569
S700_2466,54,2570
S700_2466,82,2571
S700_2466,84,2572
S700_2466,91,2573
S700_2466,26,2574
S700_2466,15,2575
S700_2466,173,2576
S700_2466,189,2577
S700_2466,57,2578
S700_2466,87,2579
S700_2466,175,2580
S700_2466,80,2581
S700_2466,222,2582
S700_2466,22,2583
S700_2466,15,2584
S700_2466,26,2585
S700_2466,2,2586
S700_2466,13,2587
S700_2466,113,2588
S700_2610,73,2589
S700_2610,21,2590
S700_2610,75,2591
S700_2610,76,2592
S700_2610,151,2593
S700_2610,42,2594
S700_2610,122,2595
S700_2610,76,2596
S700_2610,80,2597
S700_2610,34,2598
S700_2610,82,2599
S700_2610,13,2600
S700_2610,1,2601
S700_2610,51,2602
S700_2610,83,2603
S700_2610,84,2604
S700_2610,85,2605
S700_2610,124,2606
S700_2610,87,2607
S700_2610,73,2608
S700_2610,39,2609
S700_2610,26,2610
S700_2610,90,2611
S700_2610,26,2612
S700_2610,78,2613
S700_2610,85,2614
S700_2824,18,2615
S700_2824,93,2616
S700_2824,28,2617
S700_2824,6,2618
S700_2824,30,2619
S700_2824,96,2620
S700_2824,75,2621
S700_2824,33,2622
S700_2824,34,2623
S700_2824,35,2624
S700_2824,99,2625
S700_2824,44,2626
S700_2824,38,2627
S700_2824,39,2628
S700_2824,22,2629
S700_2824,19,2630
S700_2824,42,2631
S700_2824,43,2632
S700_2824,35,2633
S700_2824,12,2634
S700_2824,93,2635
S700_2824,28,2636
S700_2824,26,2637
S700_2824,44,2638
S700_2824,44,2639
S700_2824,51,2640
S700_2824,26,2641
S700_2834,175,2642
S700_2834,11,2643
S700_2834,26,2644
S700_2834,4,2645
S700_2834,6,2646
S700_2834,8,2647
S700_2834,54,2648
S700_2834,11,2649
S700_2834,84,2650
S700_2834,91,2651
S700_2834,14,2652
S700_2834,15,2653
S700_2834,16,2654
S700_2834,121,2655
S700_2834,57,2656
S700_2834,19,2657
S700_2834,175,2658
S700_2834,80,2659
S700_2834,187,2660
S700_2834,22,2661
S700_2834,15,2662
S700_2834,24,2663
S700_2834,2,2664
S700_2834,13,2665
S700_2834,113,2666
S700_3167,175,2667
S700_3167,11,2668
S700_3167,76,2669
S700_3167,17,2670
S700_3167,6,2671
S700_3167,36,2672
S700_3167,54,2673
S700_3167,11,2674
S700_3167,84,2675
S700_3167,91,2676
S700_3167,26,2677
S700_3167,15,2678
S700_3167,173,2679
S700_3167,189,2680
S700_3167,57,2681
S700_3167,87,2682
S700_3167,175,2683
S700_3167,21,2684
S700_3167,187,2685
S700_3167,22,2686
S700_3167,15,2687
S700_3167,26,2688
S700_3167,2,2689
S700_3167,13,2690
S700_3167,113,2691
S700_3505,73,2692
S700_3505,80,2693
S700_3505,75,2694
S700_3505,44,2695
S700_3505,26,2696
S700_3505,42,2697
S700_3505,122,2698
S700_3505,76,2699
S700_3505,80,2700
S700_3505,34,2701
S700_3505,82,2702
S700_3505,87,2703
S700_3505,1,2704
S700_3505,51,2705
S700_3505,83,2706
S700_3505,84,2707
S700_3505,85,2708
S700_3505,124,2709
S700_3505,15,2710
S700_3505,73,2711
S700_3505,31,2712
S700_3505,26,2713
S700_3505,90,2714
S700_3505,26,2715
S700_3505,78,2716
S700_3505,85,2717
S700_3962,73,2718
S700_3962,30,2719
S700_3962,75,2720
S700_3962,44,2721
S700_3962,26,2722
S700_3962,42,2723
S700_3962,122,2724
S700_3962,76,2725
S700_3962,80,2726
S700_3962,34,2727
S700_3962,82,2728
S700_3962,87,2729
S700_3962,1,2730
S700_3962,51,2731
S700_3962,83,2732
S700_3962,84,2733
S700_3962,114,2734
S700_3962,124,2735
S700_3962,15,2736
S700_3962,73,2737
S700_3962,31,2738
S700_3962,26,2739
S700_3962,90,2740
S700_3962,26,2741
S700_3962,78,2742
S700_3962,85,2743
S700_4002,175,2744
S700_4002,21,2745
S700_4002,187,2746
S700_4002,76,2747
S700_4002,17,2748
S700_4002,6,2749
S700_4002,78,2750
S700_4002,104,2751
S700_4002,54,2752
S700_4002,82,2753
S700_4002,84,2754
S700_4002,91,2755
S700_4002,26,2756
S700_4002,15,2757
S700_4002,173,2758
S700_4002,189,2759
S700_4002,57,2760
S700_4002,87,2761
S700_4002,175,2762
S700_4002,39,2763
S700_4002,222,2764
S700_4002,22,2765
S700_4002,90,2766
S700_4002,26,2767
S700_4002,2,2768
S700_4002,13,2769
S700_4002,113,2770
S72_1253,175,2771
S72_1253,21,2772
S72_1253,187,2773
S72_1253,76,2774
S72_1253,17,2775
S72_1253,42,2776
S72_1253,78,2777
S72_1253,79,2778
S72_1253,80,2779
S72_1253,81,2780
S72_1253,82,2781
S72_1253,37,2782
S72_1253,26,2783
S72_1253,48,2784
S72_1253,84,2785
S72_1253,189,2786
S72_1253,33,2787
S72_1253,87,2788
S72_1253,1,2789
S72_1253,39,2790
S72_1253,222,2791
S72_1253,22,2792
S72_1253,90,2793
S72_1253,26,2794
S72_1253,2,2795
S72_1253,91,2796
S72_1253,176,2797
S72_3212,73,2798
S72_3212,30,2799
S72_3212,75,2800
S72_3212,44,2801
S72_3212,26,2802
S72_3212,42,2803
S72_3212,122,2804
S72_3212,76,2805
S72_3212,80,2806
S72_3212,34,2807
S72_3212,82,2808
S72_3212,87,2809
S72_3212,1,2810
S72_3212,51,2811
S72_3212,83,2812
S72_3212,84,2813
S72_3212,41,2814
S72_3212,124,2815
S72_3212,15,2816
S72_3212,73,2817
S72_3212,31,2818
S72_3212,26,2819
S72_3212,90,2820
S72_3212,26,2821
S72_3212,78,2822
S72_3212,85,2823
